MAE,RMSE,MAPE
0.9060407245811143,1.9678006248256195,54.6120847541186
