MAE,RMSE,MAPE
0.005210240239425639,0.02098011018371467,8.555602059962528e-258
