{
  "train": {
    "RMSE": 4253.531552895112,
    "MAE": 3407.1835977781843,
    "R2": 0.9858417496700851,
    "MAPE": 2.581451583069795,
    "WMAPE": 2.542076804993601,
    "model": "RF"
  }
}