{
  "train": {
    "RMSE": 4253.531552895122,
    "MAE": 3407.183597778194,
    "R2": 0.985841749670085,
    "MAPE": 2.5814515830698026,
    "WMAPE": 2.542076804993608,
    "model": "RF"
  }
}