{
  "train": {
    "RMSE": 4253.53155289512,
    "MAE": 3407.183597778189,
    "R2": 0.985841749670085,
    "MAPE": 2.5814515830697995,
    "WMAPE": 2.5420768049936044,
    "model": "RF"
  }
}