{
  "train": {
    "RMSE": 4253.531552895122,
    "MAE": 3407.183597778189,
    "R2": 0.985841749670085,
    "MAPE": 2.581451583069799,
    "WMAPE": 2.5420768049936044,
    "model": "RF"
  }
}