{
  "train": {
    "RMSE": 4253.531552895123,
    "MAE": 3407.1835977781916,
    "R2": 0.985841749670085,
    "MAPE": 2.5814515830698013,
    "WMAPE": 2.5420768049936067,
    "model": "RF"
  }
}