{
  "train": {
    "RMSE": 4253.531552895126,
    "MAE": 3407.183597778193,
    "R2": 0.985841749670085,
    "MAPE": 2.5814515830698017,
    "WMAPE": 2.5420768049936076,
    "model": "RF"
  }
}