{
  "train": {
    "RMSE": 4253.531552895122,
    "MAE": 3407.1835977781902,
    "R2": 0.985841749670085,
    "MAPE": 2.581451583069801,
    "WMAPE": 2.5420768049936053,
    "model": "RF"
  }
}