{
  "version": "v1_20260309_100742",
  "saved_at": "2026-03-09T10:07:43.322346",
  "params": {
    "n_estimators": 200,
    "min_samples_split": 5,
    "min_samples_leaf": 2,
    "min_impurity_decrease": 0.0,
    "max_features": 0.7,
    "max_depth": 30
  },
  "metrics": {
    "train": {
      "RMSE": 4253.531552895122,
      "MAE": 3407.1835977781902,
      "R2": 0.985841749670085,
      "MAPE": 2.581451583069801,
      "WMAPE": 2.5420768049936053,
      "model": "RF"
    }
  },
  "model_type": "RF"
}