{
  "version": "v1_20260304_212554",
  "saved_at": "2026-03-04T21:25:54.201352",
  "params": {
    "n_estimators": 100,
    "min_samples_split": 2,
    "min_samples_leaf": 1,
    "max_depth": 10
  },
  "metrics": {
    "train": {
      "RMSE": 35900.52521846325,
      "MAE": 24362.8058733335,
      "R2": 0.9957085625709169,
      "MAPE": 2.81441448112471,
      "WMAPE": 2.3754114028185747
    }
  }
}