{
  "version": "v1_20260304_212810",
  "saved_at": "2026-03-04T21:28:10.091678",
  "params": {
    "n_estimators": 100,
    "min_samples_split": 2,
    "min_samples_leaf": 1,
    "max_depth": 10
  },
  "metrics": {
    "train": {
      "RMSE": 35900.52521846325,
      "MAE": 24362.80587333351,
      "R2": 0.9957085625709169,
      "MAPE": 2.8144144811247127,
      "WMAPE": 2.375411402818575
    }
  }
}