{
  "version": "v1_20260305_193332",
  "saved_at": "2026-03-05T19:33:32.101060",
  "params": {
    "n_estimators": 100,
    "min_samples_split": 2,
    "min_samples_leaf": 1,
    "min_impurity_decrease": 0.0,
    "max_features": 0.7,
    "max_depth": 20
  },
  "metrics": {
    "train": {
      "RMSE": 9117.76503036338,
      "MAE": 6909.965340889314,
      "R2": 0.9997485281044657,
      "MAPE": 0.8405228249047767,
      "WMAPE": 0.6595422590379638
    }
  }
}