{
  "version": "v1_20260315_122556",
  "saved_at": "2026-03-15T12:25:57.044402",
  "params": {
    "n_estimators": 200,
    "min_samples_split": 5,
    "min_samples_leaf": 2,
    "min_impurity_decrease": 0.0,
    "max_features": 0.7,
    "max_depth": 30
  },
  "metrics": {
    "train": {
      "RMSE": 4253.531552895126,
      "MAE": 3407.183597778193,
      "R2": 0.985841749670085,
      "MAPE": 2.5814515830698017,
      "WMAPE": 2.5420768049936076,
      "model": "RF"
    }
  },
  "model_type": "RF"
}