{
  "version": "v1_20260309_110727",
  "saved_at": "2026-03-09T11:07:27.890844",
  "params": {
    "n_estimators": 200,
    "min_samples_split": 5,
    "min_samples_leaf": 2,
    "min_impurity_decrease": 0.0,
    "max_features": 0.7,
    "max_depth": 30
  },
  "metrics": {
    "train": {
      "RMSE": 4253.531552895122,
      "MAE": 3407.183597778191,
      "R2": 0.985841749670085,
      "MAPE": 2.5814515830698004,
      "WMAPE": 2.542076804993606,
      "model": "RF"
    }
  },
  "model_type": "RF"
}