{
  "version": "v1_20260304_215412",
  "saved_at": "2026-03-04T21:54:12.437394",
  "params": {
    "n_estimators": 100,
    "min_samples_split": 2,
    "min_samples_leaf": 1,
    "max_depth": 10
  },
  "metrics": {
    "train": {
      "RMSE": 35900.52521846323,
      "MAE": 24362.80587333349,
      "R2": 0.9957085625709169,
      "MAPE": 2.8144144811247105,
      "WMAPE": 2.3754114028185738
    }
  }
}