{
  "version": "v1_20260310_130811",
  "saved_at": "2026-03-10T13:08:12.103177",
  "params": {
    "n_estimators": 200,
    "min_samples_split": 5,
    "min_samples_leaf": 2,
    "min_impurity_decrease": 0.0001,
    "max_features": 0.7,
    "max_depth": 30
  },
  "metrics": {
    "train": {
      "RMSE": 4253.531552895119,
      "MAE": 3407.1835977781884,
      "R2": 0.985841749670085,
      "MAPE": 2.5814515830697977,
      "WMAPE": 2.542076804993604,
      "model": "RF"
    }
  },
  "model_type": "RF"
}