{
  "version": "v1_20260308_135814",
  "saved_at": "2026-03-08T13:58:14.663906",
  "params": {
    "n_estimators": 200,
    "min_samples_split": 5,
    "min_samples_leaf": 2,
    "min_impurity_decrease": 0.0001,
    "max_features": 0.7,
    "max_depth": 30
  },
  "metrics": {
    "train": {
      "RMSE": 4253.531552895112,
      "MAE": 3407.1835977781843,
      "R2": 0.9858417496700851,
      "MAPE": 2.581451583069795,
      "WMAPE": 2.542076804993601,
      "model": "RF"
    }
  },
  "model_type": "RF"
}