{
  "version": "v1_20260313_211425",
  "saved_at": "2026-03-13T21:14:26.039474",
  "params": {
    "n_estimators": 200,
    "min_samples_split": 5,
    "min_samples_leaf": 2,
    "min_impurity_decrease": 0.0001,
    "max_features": 0.7,
    "max_depth": 30
  },
  "metrics": {
    "train": {
      "RMSE": 4253.531552895122,
      "MAE": 3407.183597778194,
      "R2": 0.985841749670085,
      "MAPE": 2.5814515830698026,
      "WMAPE": 2.542076804993608,
      "model": "RF"
    }
  },
  "model_type": "RF"
}