{
  "version": "v1_20260306_165012",
  "saved_at": "2026-03-06T16:50:12.575335",
  "params": {
    "n_estimators": 200,
    "min_samples_split": 2,
    "min_samples_leaf": 1,
    "min_impurity_decrease": 0.0001,
    "max_features": 0.7,
    "max_depth": 30
  },
  "metrics": {
    "train": {
      "RMSE": 4058.438625171397,
      "MAE": 3151.6733954545653,
      "R2": 0.9871107325756038,
      "MAPE": 2.3778332084053875,
      "WMAPE": 2.3514423586462874
    }
  }
}